{
  "ETH_1h": {
    "entry_params": {
      "up_price_min": 0.32,
      "up_price_max": 0.545,
      "down_price_min": 0.455,
      "down_price_max": 0.68,
      "momentum_window_s": 5.0,
      "momentum_threshold": 0.0,
      "mode": "none"
    },
    "size_params": {
      "bin_edges": [
        0.0,
        0.05,
        0.1,
        0.15000000000000002,
        0.2,
        0.25,
        0.30000000000000004,
        0.35000000000000003,
        0.4,
        0.45,
        0.5,
        0.55,
        0.6000000000000001,
        0.65,
        0.7000000000000001,
        0.75,
        0.8,
        0.8500000000000001,
        0.9,
        0.9500000000000001,
        1.0
      ],
      "size_table": {
        "(0.3, 0.35]": 10.0,
        "(0.35, 0.4]": 10.0,
        "(0.4, 0.45]": 9.05,
        "(0.45, 0.5]": 3.27,
        "(0.5, 0.55]": 10.0,
        "(0.55, 0.6]": 10.0,
        "(0.6, 0.65]": 7.04,
        "(0.65, 0.7]": 9.45
      },
      "size_table_mean": {
        "(0.3, 0.35]": 8.782222222222222,
        "(0.35, 0.4]": 7.906266666666667,
        "(0.4, 0.45]": 6.7790625,
        "(0.45, 0.5]": 5.016666666666667,
        "(0.5, 0.55]": 7.3100000000000005,
        "(0.55, 0.6]": 7.631933333333333,
        "(0.6, 0.65]": 6.92375,
        "(0.65, 0.7]": 7.74
      },
      "conditioning_var": null
    },
    "inventory_params": {
      "rebalance_ratio_R": 0.23897191647395072,
      "max_up_shares": 452.62519999999995,
      "max_down_shares": 454.97959999999983,
      "max_total_shares": 907.6047999999998
    },
    "cadence_params": {
      "min_inter_trade_ms": 0.0,
      "p50_inter_trade_ms": 0.0,
      "p95_inter_trade_ms": 31899.999999999978,
      "max_trades_per_sec": 9,
      "max_trades_per_min": 30
    },
    "side_selection_params": {
      "mode": "edge_driven",
      "inventory_driven_score": 0.45528455284552843,
      "alternation_score": 0.2459016393442623,
      "edge_driven_score": 0.7154471544715447,
      "fixed_preference_score": 0.5121951219512195,
      "preferred_side": null
    },
    "execution_params": {
      "model_type": "snapshot_price",
      "fill_bias_median": -0.0006999999999999229,
      "fill_bias_mean": -0.005464227642276421,
      "fill_bias_std": 0.023151842821457644,
      "fill_bias_p25": -0.015000000000000013,
      "fill_bias_p75": 0.007500000000000007,
      "slippage_offset": 0.0
    },
    "cooldown_params": {
      "has_time_cooldown": false,
      "time_cooldown_seconds": 0.0,
      "price_move_threshold": null,
      "has_inventory_lockout": false,
      "inventory_lockout_threshold": null
    },
    "risk_params": {
      "max_trades_per_session": 123,
      "max_imbalance_ratio": 1.0,
      "max_exposure_up_shares": 452.62519999999995,
      "max_exposure_down_shares": 454.9796
    },
    "unwind_params": {
      "has_unwind": false,
      "unwind_start_ratio": null,
      "reduces_without_rebalance": false
    },
    "reset_params": {
      "resets_on_market_switch": true,
      "resets_on_inactivity": false,
      "inactivity_threshold_hours": 2.0
    },
    "quality_filter_params": {
      "max_price_sum_deviation": 0.05,
      "timestamp_jump_threshold_seconds": 60.0,
      "price_gap_threshold": 0.2475
    },
    "confidence": {
      "n_watch_trades": 123,
      "entry_rule_precision": 1.0,
      "entry_rule_recall": 0.22140221402214022,
      "size_table_bucket_variance": 4.950935937500001,
      "entry_precision": 0.4049586776859504,
      "entry_recall": 0.3983739837398374,
      "size_mape": 83.78065665166089
    }
  },
  "BTC_1h": {
    "entry_params": {
      "up_price_min": 0.325,
      "up_price_max": 0.46,
      "down_price_min": 0.575,
      "down_price_max": 0.705,
      "momentum_window_s": 5.0,
      "momentum_threshold": 0.0,
      "mode": "none"
    },
    "size_params": {
      "bin_edges": [
        0.0,
        0.05,
        0.1,
        0.15000000000000002,
        0.2,
        0.25,
        0.30000000000000004,
        0.35000000000000003,
        0.4,
        0.45,
        0.5,
        0.55,
        0.6000000000000001,
        0.65,
        0.7000000000000001,
        0.75,
        0.8,
        0.8500000000000001,
        0.9,
        0.9500000000000001,
        1.0
      ],
      "size_table": {
        "(0.3, 0.35]": 10.0,
        "(0.35, 0.4]": 5.0,
        "(0.45, 0.5]": 10.0,
        "(0.55, 0.6]": 16.0,
        "(0.6, 0.65]": 10.0,
        "(0.65, 0.7]": 11.2,
        "(0.7, 0.75]": 16.0
      },
      "size_table_mean": {
        "(0.3, 0.35]": 10.265861904761906,
        "(0.35, 0.4]": 7.364545454545455,
        "(0.45, 0.5]": 10.559999999999999,
        "(0.55, 0.6]": 12.8,
        "(0.6, 0.65]": 9.64,
        "(0.65, 0.7]": 9.713527777777777,
        "(0.7, 0.75]": 16.0
      },
      "conditioning_var": null
    },
    "inventory_params": {
      "rebalance_ratio_R": 0.2281100467081446,
      "max_up_shares": 391.6331,
      "max_down_shares": 322.3235,
      "max_total_shares": 713.9566
    },
    "cadence_params": {
      "min_inter_trade_ms": 0.0,
      "p50_inter_trade_ms": 0.0,
      "p95_inter_trade_ms": 55000.0,
      "max_trades_per_sec": 4,
      "max_trades_per_min": 33
    },
    "side_selection_params": {
      "mode": "inventory_driven",
      "inventory_driven_score": 0.4305555555555556,
      "alternation_score": 0.2112676056338028,
      "edge_driven_score": 0.19444444444444445,
      "fixed_preference_score": 0.5694444444444444,
      "preferred_side": null
    },
    "execution_params": {
      "model_type": "mid_price",
      "fill_bias_median": -0.010000000000000009,
      "fill_bias_mean": -0.01756944444444444,
      "fill_bias_std": 0.021505701045749132,
      "fill_bias_p25": -0.03499999999999992,
      "fill_bias_p75": -0.0050000000000000044,
      "slippage_offset": 0.0
    },
    "cooldown_params": {
      "has_time_cooldown": false,
      "time_cooldown_seconds": 0.0,
      "price_move_threshold": null,
      "has_inventory_lockout": false,
      "inventory_lockout_threshold": null
    },
    "risk_params": {
      "max_trades_per_session": 72,
      "max_imbalance_ratio": 1.0,
      "max_exposure_up_shares": 391.6331,
      "max_exposure_down_shares": 322.32349999999997
    },
    "unwind_params": {
      "has_unwind": false,
      "unwind_start_ratio": null,
      "reduces_without_rebalance": false
    },
    "reset_params": {
      "resets_on_market_switch": true,
      "resets_on_inactivity": false,
      "inactivity_threshold_hours": 2.0
    },
    "quality_filter_params": {
      "max_price_sum_deviation": 0.05,
      "timestamp_jump_threshold_seconds": 60.0,
      "price_gap_threshold": 0.25
    },
    "confidence": {
      "n_watch_trades": 72,
      "entry_rule_precision": 1.0,
      "entry_rule_recall": 0.20098039215686275,
      "size_table_bucket_variance": 12.69061224489796,
      "entry_precision": 0.1527777777777778,
      "entry_recall": 0.1527777777777778,
      "size_mape": 81.54008438818565
    }
  },
  "ETH_15m": {
    "entry_params": {
      "up_price_min": 0.08,
      "up_price_max": 0.895,
      "down_price_min": 0.1,
      "down_price_max": 0.92,
      "momentum_window_s": 5.0,
      "momentum_threshold": 0.0,
      "mode": "none"
    },
    "size_params": {
      "bin_edges": [
        0.0,
        0.05,
        0.1,
        0.15000000000000002,
        0.2,
        0.25,
        0.30000000000000004,
        0.35000000000000003,
        0.4,
        0.45,
        0.5,
        0.55,
        0.6000000000000001,
        0.65,
        0.7000000000000001,
        0.75,
        0.8,
        0.8500000000000001,
        0.9,
        0.9500000000000001,
        1.0
      ],
      "size_table": {
        "(0.05, 0.1]": 11.435,
        "(0.1, 0.15]": 3.6196,
        "(0.15, 0.2]": 9.0,
        "(0.2, 0.25]": 10.0,
        "(0.25, 0.3]": 13.0,
        "(0.3, 0.35]": 10.0,
        "(0.35, 0.4]": 6.09845,
        "(0.4, 0.45]": 10.0,
        "(0.45, 0.5]": 15.37,
        "(0.5, 0.55]": 5.0,